Workbook

Sheet Summary
A1: Swahili ASR model comparison — 30 office-testing recordings (Sep 17–21, 2026), Whisper models run locally
A2: WER/CER = total edits ÷ total reference words/characters across the recordings (same method as CER_WER_calculation.ipynb). Lower is better.
A4: Model | B4: Hugging Face model | C4: Run on | D4: Recordings | E4: WER | F4: CER | G4: 2026-09-17 (Victor) WER | H4: 2026-09-17 (Victor) CER | I4: 2026-09-21 PM (Susan) WER | J4: 2026-09-21 PM (Susan) CER | K4: 2026-09-21 AM (Ednah) WER | L4: 2026-09-21 AM (Ednah) CER | M4: Avg seconds / clip
A5: Build #70 app (phone) | B5: ggerganov/whisper.cpp ggml-small-q5_1 (generic multilingual) | C5: Survey2026 app on phone, build #70 7192ca2 | D5: =COUNTIF('Per Recording'!$A$2:$A$331,$A5) -> 30 | E5: =SUMIFS('Per Recording'!$G$2:$G$331,'Per Recording'!$A$2:$A$331,$A5)/SUMIFS('Per Recording'!$H$2:$H$331,'Per Recording'!$A$2:$A$331,$A5) -> 0.72284644 | F5: =SUMIFS('Per Recording'!$I$2:$I$331,'Per Recording'!$A$2:$A$331,$A5)/SUMIFS('Per Recording'!$J$2:$J$331,'Per Recording'!$A$2:$A$331,$A5) -> 0.17920489 | G5: =SUMIFS('Per Recording'!$G$2:$G$331,'Per Recording'!$A$2:$A$331,$A5,'Per Recording'!$C$2:$C$331,$B$18)/SUMIFS('Per Recording'!$H$2:$H$331,'Per Recording'!$A$2:$A$331,$A5,'Per Recording'!$C$2:$C$331,$B$18) -> 0.78021978 | H5: =SUMIFS('Per Recording'!$I$2:$I$331,'Per Recording'!$A$2:$A$331,$A5,'Per Recording'!$C$2:$C$331,$B$18)/SUMIFS('Per Recording'!$J$2:$J$331,'Per Recording'!$A$2:$A$331,$A5,'Per Recording'!$C$2:$C$331,$B$18) -> 0.29582577 | I5: =SUMIFS('Per Recording'!$G$2:$G$331,'Per Recording'!$A$2:$A$331,$A5,'Per Recording'!$C$2:$C$331,$B$19)/SUMIFS('Per Recording'!$H$2:$H$331,'Per Recording'!$A$2:$A$331,$A5,'Per Recording'!$C$2:$C$331,$B$19) -> 0.65909091 | J5: =SUMIFS('Per Recording'!$I$2:$I$331,'Per Recording'!$A$2:$A$331,$A5,'Per Recording'!$C$2:$C$331,$B$19)/SUMIFS('Per Recording'!$J$2:$J$331,'Per Recording'!$A$2:$A$331,$A5,'Per Recording'!$C$2:$C$331,$B$19) -> 0.1199262 | K5: =SUMIFS('Per Recording'!$G$2:$G$331,'Per Recording'!$A$2:$A$331,$A5,'Per Recording'!$C$2:$C$331,$B$20)/SUMIFS('Per Recording'!$H$2:$H$331,'Per Recording'!$A$2:$A$331,$A5,'Per Recording'!$C$2:$C$331,$B$20) -> 0.72727273 | L5: =SUMIFS('Per Recording'!$I$2:$I$331,'Per Recording'!$A$2:$A$331,$A5,'Per Recording'!$C$2:$C$331,$B$20)/SUMIFS('Per Recording'!$J$2:$J$331,'Per Recording'!$A$2:$A$331,$A5,'Per Recording'!$C$2:$C$331,$B$20) -> 0.1199262 | M5: =IFERROR(AVERAGEIFS('Per Recording'!$M$2:$M$331,'Per Recording'!$A$2:$A$331,$A5),"n/a") -> n/a
A6: OpenAI-generic-small-5bit | B6: ggerganov/whisper.cpp ggml-small-q5_1 (generic multilingual) | C6: whisper.cpp 1.9.4 (Homebrew), Mac, 2 threads | D6: =COUNTIF('Per Recording'!$A$2:$A$331,$A6) -> 30 | E6: =SUMIFS('Per Recording'!$G$2:$G$331,'Per Recording'!$A$2:$A$331,$A6)/SUMIFS('Per Recording'!$H$2:$H$331,'Per Recording'!$A$2:$A$331,$A6) -> 0.67041199 | F6: =SUMIFS('Per Recording'!$I$2:$I$331,'Per Recording'!$A$2:$A$331,$A6)/SUMIFS('Per Recording'!$J$2:$J$331,'Per Recording'!$A$2:$A$331,$A6) -> 0.13272171 | G6: =SUMIFS('Per Recording'!$G$2:$G$331,'Per Recording'!$A$2:$A$331,$A6,'Per Recording'!$C$2:$C$331,$B$18)/SUMIFS('Per Recording'!$H$2:$H$331,'Per Recording'!$A$2:$A$331,$A6,'Per Recording'!$C$2:$C$331,$B$18) -> 0.72527473 | H6: =SUMIFS('Per Recording'!$I$2:$I$331,'Per Recording'!$A$2:$A$331,$A6,'Per Recording'!$C$2:$C$331,$B$18)/SUMIFS('Per Recording'!$J$2:$J$331,'Per Recording'!$A$2:$A$331,$A6,'Per Recording'!$C$2:$C$331,$B$18) -> 0.16878403 | I6: =SUMIFS('Per Recording'!$G$2:$G$331,'Per Recording'!$A$2:$A$331,$A6,'Per Recording'!$C$2:$C$331,$B$19)/SUMIFS('Per Recording'!$H$2:$H$331,'Per Recording'!$A$2:$A$331,$A6,'Per Recording'!$C$2:$C$331,$B$19) -> 0.68181818 | J6: =SUMIFS('Per Recording'!$I$2:$I$331,'Per Recording'!$A$2:$A$331,$A6,'Per Recording'!$C$2:$C$331,$B$19)/SUMIFS('Per Recording'!$J$2:$J$331,'Per Recording'!$A$2:$A$331,$A6,'Per Recording'!$C$2:$C$331,$B$19) -> 0.12915129 | K6: =SUMIFS('Per Recording'!$G$2:$G$331,'Per Recording'!$A$2:$A$331,$A6,'Per Recording'!$C$2:$C$331,$B$20)/SUMIFS('Per Recording'!$H$2:$H$331,'Per Recording'!$A$2:$A$331,$A6,'Per Recording'!$C$2:$C$331,$B$20) -> 0.60227273 | L6: =SUMIFS('Per Recording'!$I$2:$I$331,'Per Recording'!$A$2:$A$331,$A6,'Per Recording'!$C$2:$C$331,$B$20)/SUMIFS('Per Recording'!$J$2:$J$331,'Per Recording'!$A$2:$A$331,$A6,'Per Recording'!$C$2:$C$331,$B$20) -> 0.099630996 | M6: =IFERROR(AVERAGEIFS('Per Recording'!$M$2:$M$331,'Per Recording'!$A$2:$A$331,$A6),"n/a") -> 0.48
A7: lingua-connect | B7: Lingua-Connect/whisper-small-sw-normal | C7: whisper.cpp 1.9.4 (Homebrew), Mac, 2 threads | D7: =COUNTIF('Per Recording'!$A$2:$A$331,$A7) -> 30 | E7: =SUMIFS('Per Recording'!$G$2:$G$331,'Per Recording'!$A$2:$A$331,$A7)/SUMIFS('Per Recording'!$H$2:$H$331,'Per Recording'!$A$2:$A$331,$A7) -> 0.45318352 | F7: =SUMIFS('Per Recording'!$I$2:$I$331,'Per Recording'!$A$2:$A$331,$A7)/SUMIFS('Per Recording'!$J$2:$J$331,'Per Recording'!$A$2:$A$331,$A7) -> 0.096636086 | G7: =SUMIFS('Per Recording'!$G$2:$G$331,'Per Recording'!$A$2:$A$331,$A7,'Per Recording'!$C$2:$C$331,$B$18)/SUMIFS('Per Recording'!$H$2:$H$331,'Per Recording'!$A$2:$A$331,$A7,'Per Recording'!$C$2:$C$331,$B$18) -> 0.51648352 | H7: =SUMIFS('Per Recording'!$I$2:$I$331,'Per Recording'!$A$2:$A$331,$A7,'Per Recording'!$C$2:$C$331,$B$18)/SUMIFS('Per Recording'!$J$2:$J$331,'Per Recording'!$A$2:$A$331,$A7,'Per Recording'!$C$2:$C$331,$B$18) -> 0.10344828 | I7: =SUMIFS('Per Recording'!$G$2:$G$331,'Per Recording'!$A$2:$A$331,$A7,'Per Recording'!$C$2:$C$331,$B$19)/SUMIFS('Per Recording'!$H$2:$H$331,'Per Recording'!$A$2:$A$331,$A7,'Per Recording'!$C$2:$C$331,$B$19) -> 0.43181818 | J7: =SUMIFS('Per Recording'!$I$2:$I$331,'Per Recording'!$A$2:$A$331,$A7,'Per Recording'!$C$2:$C$331,$B$19)/SUMIFS('Per Recording'!$J$2:$J$331,'Per Recording'!$A$2:$A$331,$A7,'Per Recording'!$C$2:$C$331,$B$19) -> 0.099630996 | K7: =SUMIFS('Per Recording'!$G$2:$G$331,'Per Recording'!$A$2:$A$331,$A7,'Per Recording'!$C$2:$C$331,$B$20)/SUMIFS('Per Recording'!$H$2:$H$331,'Per Recording'!$A$2:$A$331,$A7,'Per Recording'!$C$2:$C$331,$B$20) -> 0.40909091 | L7: =SUMIFS('Per Recording'!$I$2:$I$331,'Per Recording'!$A$2:$A$331,$A7,'Per Recording'!$C$2:$C$331,$B$20)/SUMIFS('Per Recording'!$J$2:$J$331,'Per Recording'!$A$2:$A$331,$A7,'Per Recording'!$C$2:$C$331,$B$20) -> 0.086715867 | M7: =IFERROR(AVERAGEIFS('Per Recording'!$M$2:$M$331,'Per Recording'!$A$2:$A$331,$A7),"n/a") -> 0.43333333
A8: cdli-cv20 | B8: cdli/whisper-small-Swahili_finetuned_small_CV20 | C8: whisper.cpp 1.9.4 (Homebrew), Mac, 2 threads | D8: =COUNTIF('Per Recording'!$A$2:$A$331,$A8) -> 30 | E8: =SUMIFS('Per Recording'!$G$2:$G$331,'Per Recording'!$A$2:$A$331,$A8)/SUMIFS('Per Recording'!$H$2:$H$331,'Per Recording'!$A$2:$A$331,$A8) -> 0.26966292 | F8: =SUMIFS('Per Recording'!$I$2:$I$331,'Per Recording'!$A$2:$A$331,$A8)/SUMIFS('Per Recording'!$J$2:$J$331,'Per Recording'!$A$2:$A$331,$A8) -> 0.054434251 | G8: =SUMIFS('Per Recording'!$G$2:$G$331,'Per Recording'!$A$2:$A$331,$A8,'Per Recording'!$C$2:$C$331,$B$18)/SUMIFS('Per Recording'!$H$2:$H$331,'Per Recording'!$A$2:$A$331,$A8,'Per Recording'!$C$2:$C$331,$B$18) -> 0.31868132 | H8: =SUMIFS('Per Recording'!$I$2:$I$331,'Per Recording'!$A$2:$A$331,$A8,'Per Recording'!$C$2:$C$331,$B$18)/SUMIFS('Per Recording'!$J$2:$J$331,'Per Recording'!$A$2:$A$331,$A8,'Per Recording'!$C$2:$C$331,$B$18) -> 0.076225045 | I8: =SUMIFS('Per Recording'!$G$2:$G$331,'Per Recording'!$A$2:$A$331,$A8,'Per Recording'!$C$2:$C$331,$B$19)/SUMIFS('Per Recording'!$H$2:$H$331,'Per Recording'!$A$2:$A$331,$A8,'Per Recording'!$C$2:$C$331,$B$19) -> 0.21590909 | J8: =SUMIFS('Per Recording'!$I$2:$I$331,'Per Recording'!$A$2:$A$331,$A8,'Per Recording'!$C$2:$C$331,$B$19)/SUMIFS('Per Recording'!$J$2:$J$331,'Per Recording'!$A$2:$A$331,$A8,'Per Recording'!$C$2:$C$331,$B$19) -> 0.046125461 | K8: =SUMIFS('Per Recording'!$G$2:$G$331,'Per Recording'!$A$2:$A$331,$A8,'Per Recording'!$C$2:$C$331,$B$20)/SUMIFS('Per Recording'!$H$2:$H$331,'Per Recording'!$A$2:$A$331,$A8,'Per Recording'!$C$2:$C$331,$B$20) -> 0.27272727 | L8: =SUMIFS('Per Recording'!$I$2:$I$331,'Per Recording'!$A$2:$A$331,$A8,'Per Recording'!$C$2:$C$331,$B$20)/SUMIFS('Per Recording'!$J$2:$J$331,'Per Recording'!$A$2:$A$331,$A8,'Per Recording'!$C$2:$C$331,$B$20) -> 0.040590406 | M8: =IFERROR(AVERAGEIFS('Per Recording'!$M$2:$M$331,'Per Recording'!$A$2:$A$331,$A8),"n/a") -> 0.45666667
A9: cdli-kenyan-nonstandard | B9: cdli/whisper-small_finetuned_kenyan_swahili_nonstandard_speech_v1.0 | C9: whisper.cpp 1.9.4 (Homebrew), Mac, 2 threads | D9: =COUNTIF('Per Recording'!$A$2:$A$331,$A9) -> 30 | E9: =SUMIFS('Per Recording'!$G$2:$G$331,'Per Recording'!$A$2:$A$331,$A9)/SUMIFS('Per Recording'!$H$2:$H$331,'Per Recording'!$A$2:$A$331,$A9) -> 0.23220974 | F9: =SUMIFS('Per Recording'!$I$2:$I$331,'Per Recording'!$A$2:$A$331,$A9)/SUMIFS('Per Recording'!$J$2:$J$331,'Per Recording'!$A$2:$A$331,$A9) -> 0.0617737 | G9: =SUMIFS('Per Recording'!$G$2:$G$331,'Per Recording'!$A$2:$A$331,$A9,'Per Recording'!$C$2:$C$331,$B$18)/SUMIFS('Per Recording'!$H$2:$H$331,'Per Recording'!$A$2:$A$331,$A9,'Per Recording'!$C$2:$C$331,$B$18) -> 0.28571429 | H9: =SUMIFS('Per Recording'!$I$2:$I$331,'Per Recording'!$A$2:$A$331,$A9,'Per Recording'!$C$2:$C$331,$B$18)/SUMIFS('Per Recording'!$J$2:$J$331,'Per Recording'!$A$2:$A$331,$A9,'Per Recording'!$C$2:$C$331,$B$18) -> 0.087114338 | I9: =SUMIFS('Per Recording'!$G$2:$G$331,'Per Recording'!$A$2:$A$331,$A9,'Per Recording'!$C$2:$C$331,$B$19)/SUMIFS('Per Recording'!$H$2:$H$331,'Per Recording'!$A$2:$A$331,$A9,'Per Recording'!$C$2:$C$331,$B$19) -> 0.22727273 | J9: =SUMIFS('Per Recording'!$I$2:$I$331,'Per Recording'!$A$2:$A$331,$A9,'Per Recording'!$C$2:$C$331,$B$19)/SUMIFS('Per Recording'!$J$2:$J$331,'Per Recording'!$A$2:$A$331,$A9,'Per Recording'!$C$2:$C$331,$B$19) -> 0.049815498 | K9: =SUMIFS('Per Recording'!$G$2:$G$331,'Per Recording'!$A$2:$A$331,$A9,'Per Recording'!$C$2:$C$331,$B$20)/SUMIFS('Per Recording'!$H$2:$H$331,'Per Recording'!$A$2:$A$331,$A9,'Per Recording'!$C$2:$C$331,$B$20) -> 0.18181818 | L9: =SUMIFS('Per Recording'!$I$2:$I$331,'Per Recording'!$A$2:$A$331,$A9,'Per Recording'!$C$2:$C$331,$B$20)/SUMIFS('Per Recording'!$J$2:$J$331,'Per Recording'!$A$2:$A$331,$A9,'Per Recording'!$C$2:$C$331,$B$20) -> 0.04797048 | M9: =IFERROR(AVERAGEIFS('Per Recording'!$M$2:$M$331,'Per Recording'!$A$2:$A$331,$A9),"n/a") -> 0.49333333
A10: dmusingu-cv14 | B10: dmusingu/WHISPER-SMALL-SWAHILI-ASR-CV-14 | C10: whisper.cpp 1.9.4 (Homebrew), Mac, 2 threads | D10: =COUNTIF('Per Recording'!$A$2:$A$331,$A10) -> 30 | E10: =SUMIFS('Per Recording'!$G$2:$G$331,'Per Recording'!$A$2:$A$331,$A10)/SUMIFS('Per Recording'!$H$2:$H$331,'Per Recording'!$A$2:$A$331,$A10) -> 0.14606742 | F10: =SUMIFS('Per Recording'!$I$2:$I$331,'Per Recording'!$A$2:$A$331,$A10)/SUMIFS('Per Recording'!$J$2:$J$331,'Per Recording'!$A$2:$A$331,$A10) -> 0.057492355 | G10: =SUMIFS('Per Recording'!$G$2:$G$331,'Per Recording'!$A$2:$A$331,$A10,'Per Recording'!$C$2:$C$331,$B$18)/SUMIFS('Per Recording'!$H$2:$H$331,'Per Recording'!$A$2:$A$331,$A10,'Per Recording'!$C$2:$C$331,$B$18) -> 0.24175824 | H10: =SUMIFS('Per Recording'!$I$2:$I$331,'Per Recording'!$A$2:$A$331,$A10,'Per Recording'!$C$2:$C$331,$B$18)/SUMIFS('Per Recording'!$J$2:$J$331,'Per Recording'!$A$2:$A$331,$A10,'Per Recording'!$C$2:$C$331,$B$18) -> 0.13430127 | I10: =SUMIFS('Per Recording'!$G$2:$G$331,'Per Recording'!$A$2:$A$331,$A10,'Per Recording'!$C$2:$C$331,$B$19)/SUMIFS('Per Recording'!$H$2:$H$331,'Per Recording'!$A$2:$A$331,$A10,'Per Recording'!$C$2:$C$331,$B$19) -> 0.079545455 | J10: =SUMIFS('Per Recording'!$I$2:$I$331,'Per Recording'!$A$2:$A$331,$A10,'Per Recording'!$C$2:$C$331,$B$19)/SUMIFS('Per Recording'!$J$2:$J$331,'Per Recording'!$A$2:$A$331,$A10,'Per Recording'!$C$2:$C$331,$B$19) -> 0.012915129 | K10: =SUMIFS('Per Recording'!$G$2:$G$331,'Per Recording'!$A$2:$A$331,$A10,'Per Recording'!$C$2:$C$331,$B$20)/SUMIFS('Per Recording'!$H$2:$H$331,'Per Recording'!$A$2:$A$331,$A10,'Per Recording'!$C$2:$C$331,$B$20) -> 0.11363636 | L10: =SUMIFS('Per Recording'!$I$2:$I$331,'Per Recording'!$A$2:$A$331,$A10,'Per Recording'!$C$2:$C$331,$B$20)/SUMIFS('Per Recording'!$J$2:$J$331,'Per Recording'!$A$2:$A$331,$A10,'Per Recording'!$C$2:$C$331,$B$20) -> 0.02398524 | M10: =IFERROR(AVERAGEIFS('Per Recording'!$M$2:$M$331,'Per Recording'!$A$2:$A$331,$A10),"n/a") -> 0.55666667
A11: omniASR_LLM_7B | B11: facebook/omniASR-LLM-7B (Meta Omnilingual ASR), ~7.8B params | C11: omnilingual-asr, Colab A100, bf16 | D11: =COUNTIF('Per Recording'!$A$2:$A$331,$A11) -> 30 | E11: =SUMIFS('Per Recording'!$G$2:$G$331,'Per Recording'!$A$2:$A$331,$A11)/SUMIFS('Per Recording'!$H$2:$H$331,'Per Recording'!$A$2:$A$331,$A11) -> 0.071161049 | F11: =SUMIFS('Per Recording'!$I$2:$I$331,'Per Recording'!$A$2:$A$331,$A11)/SUMIFS('Per Recording'!$J$2:$J$331,'Per Recording'!$A$2:$A$331,$A11) -> 0.020795107 | G11: =SUMIFS('Per Recording'!$G$2:$G$331,'Per Recording'!$A$2:$A$331,$A11,'Per Recording'!$C$2:$C$331,$B$18)/SUMIFS('Per Recording'!$H$2:$H$331,'Per Recording'!$A$2:$A$331,$A11,'Per Recording'!$C$2:$C$331,$B$18) -> 0.054945055 | H11: =SUMIFS('Per Recording'!$I$2:$I$331,'Per Recording'!$A$2:$A$331,$A11,'Per Recording'!$C$2:$C$331,$B$18)/SUMIFS('Per Recording'!$J$2:$J$331,'Per Recording'!$A$2:$A$331,$A11,'Per Recording'!$C$2:$C$331,$B$18) -> 0.010889292 | I11: =SUMIFS('Per Recording'!$G$2:$G$331,'Per Recording'!$A$2:$A$331,$A11,'Per Recording'!$C$2:$C$331,$B$19)/SUMIFS('Per Recording'!$H$2:$H$331,'Per Recording'!$A$2:$A$331,$A11,'Per Recording'!$C$2:$C$331,$B$19) -> 0.034090909 | J11: =SUMIFS('Per Recording'!$I$2:$I$331,'Per Recording'!$A$2:$A$331,$A11,'Per Recording'!$C$2:$C$331,$B$19)/SUMIFS('Per Recording'!$J$2:$J$331,'Per Recording'!$A$2:$A$331,$A11,'Per Recording'!$C$2:$C$331,$B$19) -> 0.018450185 | K11: =SUMIFS('Per Recording'!$G$2:$G$331,'Per Recording'!$A$2:$A$331,$A11,'Per Recording'!$C$2:$C$331,$B$20)/SUMIFS('Per Recording'!$H$2:$H$331,'Per Recording'!$A$2:$A$331,$A11,'Per Recording'!$C$2:$C$331,$B$20) -> 0.125 | L11: =SUMIFS('Per Recording'!$I$2:$I$331,'Per Recording'!$A$2:$A$331,$A11,'Per Recording'!$C$2:$C$331,$B$20)/SUMIFS('Per Recording'!$J$2:$J$331,'Per Recording'!$A$2:$A$331,$A11,'Per Recording'!$C$2:$C$331,$B$20) -> 0.033210332 | M11: =IFERROR(AVERAGEIFS('Per Recording'!$M$2:$M$331,'Per Recording'!$A$2:$A$331,$A11),"n/a") -> 1.05
A12: omniASR_LLM_300M | B12: facebook/omniASR-LLM-300M, 1.6B params (300M encoder + LLM decoder) | C12: omnilingual-asr, Colab A100, bf16 | D12: =COUNTIF('Per Recording'!$A$2:$A$331,$A12) -> 30 | E12: =SUMIFS('Per Recording'!$G$2:$G$331,'Per Recording'!$A$2:$A$331,$A12)/SUMIFS('Per Recording'!$H$2:$H$331,'Per Recording'!$A$2:$A$331,$A12) -> 0.11610487 | F12: =SUMIFS('Per Recording'!$I$2:$I$331,'Per Recording'!$A$2:$A$331,$A12)/SUMIFS('Per Recording'!$J$2:$J$331,'Per Recording'!$A$2:$A$331,$A12) -> 0.037920489 | G12: =SUMIFS('Per Recording'!$G$2:$G$331,'Per Recording'!$A$2:$A$331,$A12,'Per Recording'!$C$2:$C$331,$B$18)/SUMIFS('Per Recording'!$H$2:$H$331,'Per Recording'!$A$2:$A$331,$A12,'Per Recording'!$C$2:$C$331,$B$18) -> 0.16483516 | H12: =SUMIFS('Per Recording'!$I$2:$I$331,'Per Recording'!$A$2:$A$331,$A12,'Per Recording'!$C$2:$C$331,$B$18)/SUMIFS('Per Recording'!$J$2:$J$331,'Per Recording'!$A$2:$A$331,$A12,'Per Recording'!$C$2:$C$331,$B$18) -> 0.047186933 | I12: =SUMIFS('Per Recording'!$G$2:$G$331,'Per Recording'!$A$2:$A$331,$A12,'Per Recording'!$C$2:$C$331,$B$19)/SUMIFS('Per Recording'!$H$2:$H$331,'Per Recording'!$A$2:$A$331,$A12,'Per Recording'!$C$2:$C$331,$B$19) -> 0.056818182 | J12: =SUMIFS('Per Recording'!$I$2:$I$331,'Per Recording'!$A$2:$A$331,$A12,'Per Recording'!$C$2:$C$331,$B$19)/SUMIFS('Per Recording'!$J$2:$J$331,'Per Recording'!$A$2:$A$331,$A12,'Per Recording'!$C$2:$C$331,$B$19) -> 0.0092250923 | K12: =SUMIFS('Per Recording'!$G$2:$G$331,'Per Recording'!$A$2:$A$331,$A12,'Per Recording'!$C$2:$C$331,$B$20)/SUMIFS('Per Recording'!$H$2:$H$331,'Per Recording'!$A$2:$A$331,$A12,'Per Recording'!$C$2:$C$331,$B$20) -> 0.125 | L12: =SUMIFS('Per Recording'!$I$2:$I$331,'Per Recording'!$A$2:$A$331,$A12,'Per Recording'!$C$2:$C$331,$B$20)/SUMIFS('Per Recording'!$J$2:$J$331,'Per Recording'!$A$2:$A$331,$A12,'Per Recording'!$C$2:$C$331,$B$20) -> 0.057195572 | M12: =IFERROR(AVERAGEIFS('Per Recording'!$M$2:$M$331,'Per Recording'!$A$2:$A$331,$A12),"n/a") -> 0.94333333
A13: omniASR_LLM_300M_v2 | B13: facebook/omniASR-LLM-300M-v2, 1.6B params (300M encoder + LLM decoder) | C13: omnilingual-asr, Colab A100, bf16 | D13: =COUNTIF('Per Recording'!$A$2:$A$331,$A13) -> 30 | E13: =SUMIFS('Per Recording'!$G$2:$G$331,'Per Recording'!$A$2:$A$331,$A13)/SUMIFS('Per Recording'!$H$2:$H$331,'Per Recording'!$A$2:$A$331,$A13) -> 0.16479401 | F13: =SUMIFS('Per Recording'!$I$2:$I$331,'Per Recording'!$A$2:$A$331,$A13)/SUMIFS('Per Recording'!$J$2:$J$331,'Per Recording'!$A$2:$A$331,$A13) -> 0.026299694 | G13: =SUMIFS('Per Recording'!$G$2:$G$331,'Per Recording'!$A$2:$A$331,$A13,'Per Recording'!$C$2:$C$331,$B$18)/SUMIFS('Per Recording'!$H$2:$H$331,'Per Recording'!$A$2:$A$331,$A13,'Per Recording'!$C$2:$C$331,$B$18) -> 0.17582418 | H13: =SUMIFS('Per Recording'!$I$2:$I$331,'Per Recording'!$A$2:$A$331,$A13,'Per Recording'!$C$2:$C$331,$B$18)/SUMIFS('Per Recording'!$J$2:$J$331,'Per Recording'!$A$2:$A$331,$A13,'Per Recording'!$C$2:$C$331,$B$18) -> 0.041742287 | I13: =SUMIFS('Per Recording'!$G$2:$G$331,'Per Recording'!$A$2:$A$331,$A13,'Per Recording'!$C$2:$C$331,$B$19)/SUMIFS('Per Recording'!$H$2:$H$331,'Per Recording'!$A$2:$A$331,$A13,'Per Recording'!$C$2:$C$331,$B$19) -> 0.14772727 | J13: =SUMIFS('Per Recording'!$I$2:$I$331,'Per Recording'!$A$2:$A$331,$A13,'Per Recording'!$C$2:$C$331,$B$19)/SUMIFS('Per Recording'!$J$2:$J$331,'Per Recording'!$A$2:$A$331,$A13,'Per Recording'!$C$2:$C$331,$B$19) -> 0.018450185 | K13: =SUMIFS('Per Recording'!$G$2:$G$331,'Per Recording'!$A$2:$A$331,$A13,'Per Recording'!$C$2:$C$331,$B$20)/SUMIFS('Per Recording'!$H$2:$H$331,'Per Recording'!$A$2:$A$331,$A13,'Per Recording'!$C$2:$C$331,$B$20) -> 0.17045455 | L13: =SUMIFS('Per Recording'!$I$2:$I$331,'Per Recording'!$A$2:$A$331,$A13,'Per Recording'!$C$2:$C$331,$B$20)/SUMIFS('Per Recording'!$J$2:$J$331,'Per Recording'!$A$2:$A$331,$A13,'Per Recording'!$C$2:$C$331,$B$20) -> 0.018450185 | M13: =IFERROR(AVERAGEIFS('Per Recording'!$M$2:$M$331,'Per Recording'!$A$2:$A$331,$A13),"n/a") -> 0.93333333
A14: omniASR_CTC_300M | B14: facebook/omniASR-CTC-300M, 325M params | C14: omnilingual-asr, Colab A100, bf16 | D14: =COUNTIF('Per Recording'!$A$2:$A$331,$A14) -> 30 | E14: =SUMIFS('Per Recording'!$G$2:$G$331,'Per Recording'!$A$2:$A$331,$A14)/SUMIFS('Per Recording'!$H$2:$H$331,'Per Recording'!$A$2:$A$331,$A14) -> 0.26217228 | F14: =SUMIFS('Per Recording'!$I$2:$I$331,'Per Recording'!$A$2:$A$331,$A14)/SUMIFS('Per Recording'!$J$2:$J$331,'Per Recording'!$A$2:$A$331,$A14) -> 0.062996942 | G14: =SUMIFS('Per Recording'!$G$2:$G$331,'Per Recording'!$A$2:$A$331,$A14,'Per Recording'!$C$2:$C$331,$B$18)/SUMIFS('Per Recording'!$H$2:$H$331,'Per Recording'!$A$2:$A$331,$A14,'Per Recording'!$C$2:$C$331,$B$18) -> 0.31868132 | H14: =SUMIFS('Per Recording'!$I$2:$I$331,'Per Recording'!$A$2:$A$331,$A14,'Per Recording'!$C$2:$C$331,$B$18)/SUMIFS('Per Recording'!$J$2:$J$331,'Per Recording'!$A$2:$A$331,$A14,'Per Recording'!$C$2:$C$331,$B$18) -> 0.072595281 | I14: =SUMIFS('Per Recording'!$G$2:$G$331,'Per Recording'!$A$2:$A$331,$A14,'Per Recording'!$C$2:$C$331,$B$19)/SUMIFS('Per Recording'!$H$2:$H$331,'Per Recording'!$A$2:$A$331,$A14,'Per Recording'!$C$2:$C$331,$B$19) -> 0.17045455 | J14: =SUMIFS('Per Recording'!$I$2:$I$331,'Per Recording'!$A$2:$A$331,$A14,'Per Recording'!$C$2:$C$331,$B$19)/SUMIFS('Per Recording'!$J$2:$J$331,'Per Recording'!$A$2:$A$331,$A14,'Per Recording'!$C$2:$C$331,$B$19) -> 0.049815498 | K14: =SUMIFS('Per Recording'!$G$2:$G$331,'Per Recording'!$A$2:$A$331,$A14,'Per Recording'!$C$2:$C$331,$B$20)/SUMIFS('Per Recording'!$H$2:$H$331,'Per Recording'!$A$2:$A$331,$A14,'Per Recording'!$C$2:$C$331,$B$20) -> 0.29545455 | L14: =SUMIFS('Per Recording'!$I$2:$I$331,'Per Recording'!$A$2:$A$331,$A14,'Per Recording'!$C$2:$C$331,$B$20)/SUMIFS('Per Recording'!$J$2:$J$331,'Per Recording'!$A$2:$A$331,$A14,'Per Recording'!$C$2:$C$331,$B$20) -> 0.066420664 | M14: =IFERROR(AVERAGEIFS('Per Recording'!$M$2:$M$331,'Per Recording'!$A$2:$A$331,$A14),"n/a") -> 0.0033333333
A15: omniASR_CTC_300M_v2 | B15: facebook/omniASR-CTC-300M-v2, 325M params | C15: omnilingual-asr, Colab A100, bf16 | D15: =COUNTIF('Per Recording'!$A$2:$A$331,$A15) -> 30 | E15: =SUMIFS('Per Recording'!$G$2:$G$331,'Per Recording'!$A$2:$A$331,$A15)/SUMIFS('Per Recording'!$H$2:$H$331,'Per Recording'!$A$2:$A$331,$A15) -> 0.35580524 | F15: =SUMIFS('Per Recording'!$I$2:$I$331,'Per Recording'!$A$2:$A$331,$A15)/SUMIFS('Per Recording'!$J$2:$J$331,'Per Recording'!$A$2:$A$331,$A15) -> 0.054434251 | G15: =SUMIFS('Per Recording'!$G$2:$G$331,'Per Recording'!$A$2:$A$331,$A15,'Per Recording'!$C$2:$C$331,$B$18)/SUMIFS('Per Recording'!$H$2:$H$331,'Per Recording'!$A$2:$A$331,$A15,'Per Recording'!$C$2:$C$331,$B$18) -> 0.38461538 | H15: =SUMIFS('Per Recording'!$I$2:$I$331,'Per Recording'!$A$2:$A$331,$A15,'Per Recording'!$C$2:$C$331,$B$18)/SUMIFS('Per Recording'!$J$2:$J$331,'Per Recording'!$A$2:$A$331,$A15,'Per Recording'!$C$2:$C$331,$B$18) -> 0.063520871 | I15: =SUMIFS('Per Recording'!$G$2:$G$331,'Per Recording'!$A$2:$A$331,$A15,'Per Recording'!$C$2:$C$331,$B$19)/SUMIFS('Per Recording'!$H$2:$H$331,'Per Recording'!$A$2:$A$331,$A15,'Per Recording'!$C$2:$C$331,$B$19) -> 0.29545455 | J15: =SUMIFS('Per Recording'!$I$2:$I$331,'Per Recording'!$A$2:$A$331,$A15,'Per Recording'!$C$2:$C$331,$B$19)/SUMIFS('Per Recording'!$J$2:$J$331,'Per Recording'!$A$2:$A$331,$A15,'Per Recording'!$C$2:$C$331,$B$19) -> 0.051660517 | K15: =SUMIFS('Per Recording'!$G$2:$G$331,'Per Recording'!$A$2:$A$331,$A15,'Per Recording'!$C$2:$C$331,$B$20)/SUMIFS('Per Recording'!$H$2:$H$331,'Per Recording'!$A$2:$A$331,$A15,'Per Recording'!$C$2:$C$331,$B$20) -> 0.38636364 | L15: =SUMIFS('Per Recording'!$I$2:$I$331,'Per Recording'!$A$2:$A$331,$A15,'Per Recording'!$C$2:$C$331,$B$20)/SUMIFS('Per Recording'!$J$2:$J$331,'Per Recording'!$A$2:$A$331,$A15,'Per Recording'!$C$2:$C$331,$B$20) -> 0.04797048 | M15: =IFERROR(AVERAGEIFS('Per Recording'!$M$2:$M$331,'Per Recording'!$A$2:$A$331,$A15),"n/a") -> 0
A17: Survey IDs used by the per-survey columns
A18: 2026-09-17 (Victor) | B18: 46ec4547-5bbe-4b02-9c2a-cbcec7223e2c
A19: 2026-09-21 PM (Susan) | B19: 4f629181-d1dc-46cf-8e71-d819a4b33662
A20: 2026-09-21 AM (Ednah) | B20: 7db59ab6-e13d-4080-bb07-3842d8b51fe4
A22: Notes
A23: Key result | B23: omniASR-LLM-7B is best on both measures (WER 0.071, CER 0.021) but is far too large for a phone. Of the phone-sized Whisper models, dmusingu-cv14 has by far the lowest WER (0.146, about a fifth of build #70's 0.723) and CER 0.057, less than half the current model's 0.133 run the same way. cdli-cv20 and omniASR-CTC-300M-v2 have slightly lower CER (0.054) but roughly double the word errors.
A24: Local run | B24: The five Whisper models were run on Frank's Mac with CER_WER_calculation.ipynb: whisper.cpp 1.9.4 (Homebrew), 2 threads, recordings from audio/ and models from models/. An earlier cloud run (whisper.cpp v1.9.3, x86) gave 27-28 of 30 identical transcripts per model and the same ranking.
A25: Current model: phone vs local | B25: The same generic ggml-small-q5_1 model scores WER 0.723 / CER 0.179 in the app (build #70) and 0.670 / 0.133 run locally. The app saved transcripts of earlier takes for three answers (46ec4547 Q12 and Q14, 7db59ab6 Q9), and the remaining small differences come from the phone's processor and audio path.
A26: Reference corrections | B26: Two 46ec4547 references were changed to match the recordings, based on agreement between the models. Q14: the last take is a different answer ('Naweka gunia tano ya chakula, gunia tano nauza, na mbili ni ya mifugo'). Q15: the scripted answer once, since no model hears a clear second repeat.
A27: Number normalisation | B27: Before scoring, digits, percentages and ranges are converted to Swahili words in both the reference and every transcript ('30' -> 'thelathini', '30%' -> 'asilimia thelathini', '2-3' -> 'mbili hadi tatu'), matching NormalizeSwahiliNumbers in the notebook. Number format is not counted as an error; a wrong number still is.
A28: Decoding | B28: Matches the Survey2026 app (whisperLib.c): language sw, greedy, best_of 1, no_context, no timestamps.
A29: Models | B29: Swahili models from the Survey2026 feature/swahili-whisper-* branches (Git LFS), checked against the SHA-256 values in SWAHILI_WHISPER_MODEL_COMPARISON.md; generic model from huggingface.co/ggerganov/whisper.cpp. All five are in models/.
A30: omniASR | B30: Run on a Colab A100 with omniASR_office_testing.ipynb (bf16, lang swh_Latn). The 'LLM-300M' models are 1.6B parameters in total; only the CTC-300M models (325M) are close to Whisper Small in size. They are PyTorch/fairseq2 checkpoints, not whisper.cpp files, so the app would need a different runtime.
A31: Reference text | B31: office_testing/expected_answers.json: numbers spelled out, last take per question, with the corrections above. Recording links point to audio/ in the ASR_Accuracy project.
A32: Timing | B32: Whisper seconds are from the Mac (about 0.5 s per clip) and omniASR seconds from an A100 GPU (CTC times round to 0.0); neither is a phone measurement.
A33: Edit counts in 'Per Recording' (blue) are computed values; the WER/CER here are live formulas over them.

Sheet Per Recording
A1: Model | B1: Survey | C1: Survey ID | D1: Question | E1: Expected answer | F1: Transcript | G1: Word edits | H1: Ref words | I1: Char edits | J1: Ref chars | K1: WER | L1: CER | M1: Seconds | N1: Recording (audio/)
A2: Build #70 app (phone) | B2: 2026-09-17 (Victor) | C2: 46ec4547-5bbe-4b02-9c2a-cbcec7223e2c | D2: Q8 | E2: Ndiyo, iliharibu majani na kupunguza mavuno. | F2: Ndiyo, elia ribu majani na kupunguza mawuno. | G2: 3 | H2: 6 | I2: 4 | J2: 42 | K2: =G2/H2 -> 0.5 | L2: =I2/J2 -> 0.095238095 | N2: audio/2026-09-17_46ec4547_Victor_Q08.wav
A3: Build #70 app (phone) | B3: 2026-09-17 (Victor) | C3: 46ec4547-5bbe-4b02-9c2a-cbcec7223e2c | D3: Q9 | E3: Naweza kukubali kupoteza hadi asilimia kumi ya mavuno. | F3: Na eza kukubali kupoteza hadia silimi ya kumi ya mawono. | G3: 6 | H3: 8 | I3: 7 | J3: 53 | K3: =G3/H3 -> 0.75 | L3: =I3/J3 -> 0.13207547 | N3: audio/2026-09-17_46ec4547_Victor_Q09.wav
A4: Build #70 app (phone) | B4: 2026-09-17 (Victor) | C4: 46ec4547-5bbe-4b02-9c2a-cbcec7223e2c | D4: Q10 | E4: Ikiwa uharibifu unafika karibu asilimia thelathini, nitabadilisha aina. | F4: Ikiva huwari defu inafika karibu asile miatela tini, intaba deleisha maa aina. | G4: 10 | H4: 8 | I4: 22 | J4: 69 | K4: =G4/H4 -> 1.25 | L4: =I4/J4 -> 0.31884058 | N4: audio/2026-09-17_46ec4547_Victor_Q10.wav
A5: Build #70 app (phone) | B5: 2026-09-17 (Victor) | C5: 46ec4547-5bbe-4b02-9c2a-cbcec7223e2c | D5: Q11 | E5: Iwe na mavuno mengi na iwe inastahimili ukame na wadudu. | F5: Iwe na mawuna mengi na iwe inasta emili ukame na wadulu | G5: 4 | H5: 10 | I5: 5 | J5: 55 | K5: =G5/H5 -> 0.4 | L5: =I5/J5 -> 0.090909091 | N5: audio/2026-09-17_46ec4547_Victor_Q11.wav
A6: Build #70 app (phone) | B6: 2026-09-17 (Victor) | C6: 46ec4547-5bbe-4b02-9c2a-cbcec7223e2c | D6: Q12 | E6: Hata tani moja kwa ekari, kama mbegu ni nzuri. | F6: Atata ni moja kwaekari kama mbegunin zori. | G6: 7 | H6: 9 | I6: 8 | J6: 44 | K6: =G6/H6 -> 0.77777778 | L6: =I6/J6 -> 0.18181818 | N6: audio/2026-09-17_46ec4547_Victor_Q12.wav
A7: Build #70 app (phone) | B7: 2026-09-17 (Victor) | C7: 46ec4547-5bbe-4b02-9c2a-cbcec7223e2c | D7: Q13 | E7: Wakati wa maua na kutengeneza punje. | F7: Wakati wamaoa na kutengeneza punje | G7: 2 | H7: 6 | I7: 2 | J7: 35 | K7: =G7/H7 -> 0.33333333 | L7: =I7/J7 -> 0.057142857 | N7: audio/2026-09-17_46ec4547_Victor_Q13.wav
A8: Build #70 app (phone) | B8: 2026-09-17 (Victor) | C8: 46ec4547-5bbe-4b02-9c2a-cbcec7223e2c | D8: Q14 | E8: Naweka gunia tano ya chakula, gunia tano nauza, na mbili ni ya mifugo. | F8: Ninaweka ya chakula na uza iliobaki na kidobu ni amifugo. | G8: 9 | H8: 13 | I8: 34 | J8: 67 | K8: =G8/H8 -> 0.69230769 | L8: =I8/J8 -> 0.50746269 | N8: audio/2026-09-17_46ec4547_Victor_Q14.wav
A9: Build #70 app (phone) | B9: 2026-09-17 (Victor) | C9: 46ec4547-5bbe-4b02-9c2a-cbcec7223e2c | D9: Q15 | E9: Nawapa kuku na nguruwe mahindi mara mbili hadi tatu kwa wiki. | F9: Nwaapa koko nanguruwe maindi marambili hadi tatu kua wiki. Nwaapa koko nanguruwe maindi marambili hadi tatu kua wiki. | G9: 15 | H9: 11 | I9: 62 | J9: 60 | K9: =G9/H9 -> 1.3636364 | L9: =I9/J9 -> 1.0333333 | N9: audio/2026-09-17_46ec4547_Victor_Q15.wav
A10: Build #70 app (phone) | B10: 2026-09-17 (Victor) | C10: 46ec4547-5bbe-4b02-9c2a-cbcec7223e2c | D10: Q16 | E10: Ninanunua kwa agrovet kwa sababu ninaamini ubora wake. | F10: Nina nunua kwa agrovet kwa sababu nina aminiu borawake. | G10: 5 | H10: 8 | I10: 5 | J10: 53 | K10: =G10/H10 -> 0.625 | L10: =I10/J10 -> 0.094339623 | N10: audio/2026-09-17_46ec4547_Victor_Q16.wav
A11: Build #70 app (phone) | B11: 2026-09-17 (Victor) | C11: 46ec4547-5bbe-4b02-9c2a-cbcec7223e2c | D11: Q17 | E11: Nauza kwa wafanyabiashara wa eneo kwa sababu wako karibu na hulipa haraka. | F11: Na uza kwa fanya bia shara wa ineu kwa sababu wa kukaribu na uli paraka. | G11: 10 | H11: 12 | I11: 14 | J11: 73 | K11: =G11/H11 -> 0.83333333 | L11: =I11/J11 -> 0.19178082 | N11: audio/2026-09-17_46ec4547_Victor_Q17.wav
A12: Build #70 app (phone) | B12: 2026-09-21 PM (Susan) | C12: 4f629181-d1dc-46cf-8e71-d819a4b33662 | D12: Q8 | E12: Ndiyo, iliharibu majani na kupunguza mavuno. | F12: Ndiyo, iliharibu majani na kupunguza mabuna. | G12: 1 | H12: 6 | I12: 2 | J12: 42 | K12: =G12/H12 -> 0.16666667 | L12: =I12/J12 -> 0.047619048 | N12: audio/2026-09-21_4f629181_Susan_Q08.wav
A13: Build #70 app (phone) | B13: 2026-09-21 PM (Susan) | C13: 4f629181-d1dc-46cf-8e71-d819a4b33662 | D13: Q9 | E13: Naweza kukubali kupoteza hadi asilimia kumi ya mavuno. | F13: Naweza kukubali kupoteza hadiasi ni miakumi ya mabuno. | G13: 4 | H13: 8 | I13: 6 | J13: 53 | K13: =G13/H13 -> 0.5 | L13: =I13/J13 -> 0.11320755 | N13: audio/2026-09-21_4f629181_Susan_Q09.wav
... A31: Build #70 app (phone) | B31: 2026-09-21 AM (Ednah) | C31: 7db59ab6-e13d-4080-bb07-3842d8b51fe4 | D31: Q17 | E31: Nauza kwa wafanyabiashara wa eneo kwa sababu wako karibu na hulipa haraka. | F31: Na uza kwa fanya bieshara wa yene wa kwa sababu, wakoka ribuna ulipa araka. | G31: 11 | H31: 12 | I31: 14 | J31: 73 | K31: =G31/H31 -> 0.91666667 | L31: =I31/J31 -> 0.19178082 | N31: audio/2026-09-21_7db59ab6_Ednah_Q17.wav
A32: OpenAI-generic-small-5bit | B32: 2026-09-17 (Victor) | C32: 46ec4547-5bbe-4b02-9c2a-cbcec7223e2c | D32: Q8 | E32: Ndiyo, iliharibu majani na kupunguza mavuno. | F32: Ndiyo, elia ribu majani na kupunguza mawuno. | G32: 3 | H32: 6 | I32: 4 | J32: 42 | K32: =G32/H32 -> 0.5 | L32: =I32/J32 -> 0.095238095 | M32: 0.6 | N32: audio/2026-09-17_46ec4547_Victor_Q08.wav
A33: OpenAI-generic-small-5bit | B33: 2026-09-17 (Victor) | C33: 46ec4547-5bbe-4b02-9c2a-cbcec7223e2c | D33: Q9 | E33: Naweza kukubali kupoteza hadi asilimia kumi ya mavuno. | F33: Na eza kukubali kupoteza hadia silimi ya kumi ya mawono. | G33: 6 | H33: 8 | I33: 7 | J33: 53 | K33: =G33/H33 -> 0.75 | L33: =I33/J33 -> 0.13207547 | M33: 0.5 | N33: audio/2026-09-17_46ec4547_Victor_Q09.wav
A34: OpenAI-generic-small-5bit | B34: 2026-09-17 (Victor) | C34: 46ec4547-5bbe-4b02-9c2a-cbcec7223e2c | D34: Q10 | E34: Ikiwa uharibifu unafika karibu asilimia thelathini, nitabadilisha aina. | F34: Ikiva huwari defu inafika karibu asile miatela tini, intaba deleisha maa aina. | G34: 10 | H34: 8 | I34: 22 | J34: 69 | K34: =G34/H34 -> 1.25 | L34: =I34/J34 -> 0.31884058 | M34: 0.5 | N34: audio/2026-09-17_46ec4547_Victor_Q10.wav
A35: OpenAI-generic-small-5bit | B35: 2026-09-17 (Victor) | C35: 46ec4547-5bbe-4b02-9c2a-cbcec7223e2c | D35: Q11 | E35: Iwe na mavuno mengi na iwe inastahimili ukame na wadudu. | F35: Iwe na mawuna mengi na iwe inasta emili ukame na wadulu | G35: 4 | H35: 10 | I35: 5 | J35: 55 | K35: =G35/H35 -> 0.4 | L35: =I35/J35 -> 0.090909091 | M35: 0.4 | N35: audio/2026-09-17_46ec4547_Victor_Q11.wav
A36: OpenAI-generic-small-5bit | B36: 2026-09-17 (Victor) | C36: 46ec4547-5bbe-4b02-9c2a-cbcec7223e2c | D36: Q12 | E36: Hata tani moja kwa ekari, kama mbegu ni nzuri. | F36: Atatani moja kwaikari ikwa mbegunin zori. | G36: 8 | H36: 9 | I36: 11 | J36: 44 | K36: =G36/H36 -> 0.88888889 | L36: =I36/J36 -> 0.25 | M36: 0.4 | N36: audio/2026-09-17_46ec4547_Victor_Q12.wav
A37: OpenAI-generic-small-5bit | B37: 2026-09-17 (Victor) | C37: 46ec4547-5bbe-4b02-9c2a-cbcec7223e2c | D37: Q13 | E37: Wakati wa maua na kutengeneza punje. | F37: Wakati wamaoa na kutengeneza punje. | G37: 2 | H37: 6 | I37: 2 | J37: 35 | K37: =G37/H37 -> 0.33333333 | L37: =I37/J37 -> 0.057142857 | M37: 0.4 | N37: audio/2026-09-17_46ec4547_Victor_Q13.wav
A38: OpenAI-generic-small-5bit | B38: 2026-09-17 (Victor) | C38: 46ec4547-5bbe-4b02-9c2a-cbcec7223e2c | D38: Q14 | E38: Naweka gunia tano ya chakula, gunia tano nauza, na mbili ni ya mifugo. | F38: Naveka goni atano, ya chakula, goni atano, na uza, nambili ni amifugo. | G38: 10 | H38: 13 | I38: 11 | J38: 67 | K38: =G38/H38 -> 0.76923077 | L38: =I38/J38 -> 0.1641791 | M38: 0.5 | N38: audio/2026-09-17_46ec4547_Victor_Q14.wav
A39: OpenAI-generic-small-5bit | B39: 2026-09-17 (Victor) | C39: 46ec4547-5bbe-4b02-9c2a-cbcec7223e2c | D39: Q15 | E39: Nawapa kuku na nguruwe mahindi mara mbili hadi tatu kwa wiki. | F39: Nwaapa koko nanguruwe maindi marambili hadi tatu kua wiki. [Ruwa] | G39: 9 | H39: 11 | I39: 13 | J39: 60 | K39: =G39/H39 -> 0.81818182 | L39: =I39/J39 -> 0.21666667 | M39: 0.8 | N39: audio/2026-09-17_46ec4547_Victor_Q15.wav
A40: OpenAI-generic-small-5bit | B40: 2026-09-17 (Victor) | C40: 46ec4547-5bbe-4b02-9c2a-cbcec7223e2c | D40: Q16 | E40: Ninanunua kwa agrovet kwa sababu ninaamini ubora wake. | F40: Nina nunua kwa agrovet kwa sababu Nina amini wuborawake. | G40: 5 | H40: 8 | I40: 4 | J40: 53 | K40: =G40/H40 -> 0.625 | L40: =I40/J40 -> 0.075471698 | M40: 0.5 | N40: audio/2026-09-17_46ec4547_Victor_Q16.wav
A41: OpenAI-generic-small-5bit | B41: 2026-09-17 (Victor) | C41: 46ec4547-5bbe-4b02-9c2a-cbcec7223e2c | D41: Q17 | E41: Nauza kwa wafanyabiashara wa eneo kwa sababu wako karibu na hulipa haraka. | F41: Nga uza kwa fanya biyashara wa ineo kwa sababu wa kukaribu na uli paraka. | G41: 9 | H41: 12 | I41: 14 | J41: 73 | K41: =G41/H41 -> 0.75 | L41: =I41/J41 -> 0.19178082 | M41: 0.5 | N41: audio/2026-09-17_46ec4547_Victor_Q17.wav
A42: OpenAI-generic-small-5bit | B42: 2026-09-21 PM (Susan) | C42: 4f629181-d1dc-46cf-8e71-d819a4b33662 | D42: Q8 | E42: Ndiyo, iliharibu majani na kupunguza mavuno. | F42: Ndiyo, iliharibu majani na kupunguza mabuno. | G42: 1 | H42: 6 | I42: 1 | J42: 42 | K42: =G42/H42 -> 0.16666667 | L42: =I42/J42 -> 0.023809524 | M42: 0.5 | N42: audio/2026-09-21_4f629181_Susan_Q08.wav
A43: OpenAI-generic-small-5bit | B43: 2026-09-21 PM (Susan) | C43: 4f629181-d1dc-46cf-8e71-d819a4b33662 | D43: Q9 | E43: Naweza kukubali kupoteza hadi asilimia kumi ya mavuno. | F43: Naweza kukubali kupoteza hadiasi ni miakumi ya mabuno. | G43: 4 | H43: 8 | I43: 6 | J43: 53 | K43: =G43/H43 -> 0.5 | L43: =I43/J43 -> 0.11320755 | M43: 0.4 | N43: audio/2026-09-21_4f629181_Susan_Q09.wav
... A331: omniASR_CTC_300M_v2 | B331: 2026-09-21 AM (Ednah) | C331: 7db59ab6-e13d-4080-bb07-3842d8b51fe4 | D331: Q17 | E331: Nauza kwa wafanyabiashara wa eneo kwa sababu wako karibu na hulipa haraka. | F331: nauza kwa wafanya biashara waeneo kwa sababu wakwa karibu na ulipa araka | G331: 6 | H331: 12 | I331: 6 | J331: 73 | K331: =G331/H331 -> 0.5 | L331: =I331/J331 -> 0.082191781 | M331: 0 | N331: audio/2026-09-21_7db59ab6_Ednah_Q17.wav
